X,clase
0.34367872276689704,1.0
0.2824102727578284,0.0
0.5580099323717189,1.0
0.29369525121117884,0.0
-0.1500602478710242,0.0
-0.04909380363327076,0.0
0.6300405557099134,1.0
0.7015017045379476,1.0
0.42178570114958497,1.0
0.009479269740302693,0.0
0.33585834431763534,0.0
0.8095760422957271,1.0
0.3208211703431484,0.0
0.16188913544587685,0.0
0.10809437438091997,0.0
0.5285544205275897,1.0
0.3988009092388942,1.0
0.16631801439262375,0.0
0.6391423872758926,1.0
0.8451560027221281,1.0
0.39664223215392025,0.0
0.46474712694954834,1.0
0.8119973024103573,1.0
0.7918895876293506,1.0
0.28501082848409864,0.0
0.1349561252498922,0.0
0.1541063774430958,0.0
0.050180867215119204,0.0
0.055662448441461794,0.0
0.10564313662530335,0.0
0.7682920000683041,1.0
-0.0914021005123784,0.0
0.6144030706950965,1.0
0.2896150600048264,0.0
-0.006997756972430824,0.0
0.6755035800390077,1.0
0.450856729182228,1.0
0.49927138843695007,1.0
0.13388339102691316,0.0
0.11700316213044837,0.0
0.41778428487123037,1.0
0.1428367301892916,0.0
0.20617627943276542,0.0
0.6342633873662943,1.0
0.4805353259478528,1.0
-0.03627533663804877,0.0
-0.12092342751021032,0.0
-0.24059834724178117,0.0
0.3107529220448122,0.0
0.1312159720659506,0.0
-0.1375707506774985,0.0
-0.04628176137975315,0.0
0.5284297997600614,1.0
0.5550974177445758,1.0
0.5963722847266951,1.0
-0.2048973595244216,0.0
0.4611217054296659,0.0
-0.13115353525350365,0.0
0.040333027543890745,0.0
0.0008303402029843504,0.0
-0.05301666036627506,0.0
0.15558313508449267,0.0
0.49376100012119284,1.0
-0.18386133814994884,0.0
0.757608823639294,1.0
0.5025516672490423,0.0
-0.18646900640204792,0.0
0.5833670648826246,1.0
0.7998997544743716,1.0
0.6917475256364234,1.0
0.5493756490999738,1.0
0.09209857034612781,0.0
0.16500102467284752,0.0
0.5298197209194766,1.0
0.0016291818705724131,0.0
0.31745770179708555,1.0
-0.15910222656154008,0.0
0.014734189620931468,0.0
0.05848599845279488,0.0
0.7281563416911734,1.0
0.07419009155792061,0.0
0.5626405810658125,1.0
-0.211978099626722,0.0
0.2092621767084322,0.0
0.01226335146793324,0.0
0.2416313146163626,1.0
-0.1001963225646142,0.0
0.2983711318129536,0.0
0.4669784440123703,1.0
0.3131561653056243,0.0
0.4546100991831901,1.0
0.1075013409645337,0.0
0.09639365537198523,0.0
0.6620718322369614,1.0
0.28939397432545566,0.0
0.43784787771404843,1.0
0.6075470233952289,1.0
0.09351794900057837,0.0
0.4744339960255045,0.0
-0.11057202701608357,0.0
0.6415936172714809,1.0
0.5309851498775535,1.0
0.13892541560263394,0.0
0.5651595149113673,1.0
0.10900931429366105,0.0
0.6072611962072823,1.0
0.16616926482488836,0.0
-0.1957857851781498,0.0
-0.20601430043721433,0.0
0.5178216257715578,1.0
0.15012762423846512,0.0
0.5795144193069075,1.0
0.664953269622305,1.0
0.13395529080138815,0.0
0.36058225515698616,1.0
-0.1646604093069843,0.0
0.16220357552858153,0.0
0.5129439550817,1.0
0.6393269542141966,1.0
0.556518132039336,1.0
-0.24983889711965654,0.0
0.16169457244573532,0.0
0.4940979205385794,1.0
0.2874046509479708,0.0
0.4151916742818802,1.0
0.21416386479603508,0.0
0.22560132515838624,0.0
0.3345251578041182,0.0
0.43371345755252566,1.0
0.5240890180748176,1.0
0.4774501418013438,1.0
-0.009240152708445304,0.0
0.12368241585025197,0.0
0.30274447964773343,0.0
0.5063696423714933,0.0
0.5804151801741914,1.0
0.0880817085003572,0.0
-0.045134594600952926,0.0
-0.017855510694811158,0.0
0.8242218758582112,1.0
0.1954724737222645,0.0
0.07569611679300017,0.0
0.24864068287209437,0.0
0.6818209663272885,1.0
0.6824142475556166,1.0
0.5375628950340756,1.0
0.15527080640019392,0.0
0.6455397942866444,1.0
0.7467483255361738,1.0
0.7690751213958976,1.0
0.16564201144528365,0.0
0.4795766139999964,1.0
0.6849496909406838,1.0
0.4786456695224546,1.0
-0.24395170935100227,0.0
0.686681925069104,1.0
0.4034899533085641,0.0
0.13788559053603883,0.0
0.170448594661311,0.0
0.2678884092558407,1.0
0.4012851633535059,1.0
0.28482138612626795,0.0
-0.05516646338135567,0.0
0.5249487233857505,1.0
0.13430384810386603,0.0
0.613026215989956,1.0
0.1017180081794175,0.0
0.7439918381663737,1.0
0.6718912195853569,1.0
0.5732266179230209,1.0
0.26207572574493565,0.0
0.1441037008700018,0.0
0.6373335991658213,1.0
0.8428286726193668,1.0
0.6879547337804428,1.0
0.2496377685474292,0.0
0.17664834430297155,0.0
0.16962717503004554,0.0
0.21827913507219132,0.0
0.4218480638952714,1.0
0.510442827824526,1.0
0.27152542263664114,0.0
0.06805340439381023,0.0
0.4245576548549731,0.0
0.15371268557041462,0.0
0.6191753054859954,1.0
0.4263560873279807,0.0
0.3623726461871347,1.0
0.2386103676037989,0.0
0.12157194052488854,0.0
0.04032703974472655,0.0
0.0036217385429275356,0.0
0.48163492990068835,1.0
0.6170730631417293,1.0
0.1358617612279432,0.0
0.8327792751272642,1.0
0.07167354373118734,0.0
0.35742213837205083,1.0
-0.09847462481577204,0.0
0.6790222490258676,1.0
0.6279223307225519,1.0
0.6512462307346443,1.0
0.32815823329534083,1.0
0.24103069222187212,0.0
0.2321692832670874,0.0
0.3227671473869315,1.0
0.5286046098546338,1.0
0.2970309296335533,0.0
0.5824537620275612,1.0
-0.10442986543624669,0.0
0.14603064589937492,0.0
0.7153970351829252,1.0
0.8127242309445744,1.0
0.5384421752747001,1.0
0.4724510402308202,0.0
-0.23951924475575512,0.0
0.6193480657900421,1.0
-0.2002086067950887,0.0
0.8255508008540873,1.0
0.4900124727105844,1.0
0.38379537362140126,1.0
0.0903811917748355,0.0
0.3909032664518086,1.0
0.030538044840612358,0.0
0.08831853712682161,0.0
0.23453920652145352,0.0
0.1678820242693578,0.0
0.31571694449246235,0.0
-0.05567847642853893,0.0
0.3544395999956982,1.0
0.6486599637830541,1.0
0.28486744120035956,1.0
0.6568863816537461,1.0
0.43680515425635486,1.0
0.22942283851358564,0.0
0.3754485143739214,1.0
0.7005606599476416,1.0
0.44827246981532415,1.0
0.5116345707113219,1.0
0.5238885740335057,1.0
0.38430497716861967,1.0
0.5156656771624449,1.0
0.19787983385968422,0.0
0.14785160908024275,1.0
0.00017059878825839703,0.0
0.595938788601439,1.0
0.584743850169601,1.0
0.6402563428545609,1.0
0.5825246439876288,1.0
-0.07748096009372132,0.0
0.873388967634803,1.0
0.5920216857421401,1.0
0.0759747713872374,0.0
0.21927793046006402,0.0
0.7438681126447023,1.0
0.11106793407196695,0.0
0.6495437200857045,1.0
0.42375370374418564,1.0
-0.0268584330070038,0.0
0.3526425918860122,1.0
0.1342422825376563,0.0
0.006352196796763562,0.0
0.45568627331672285,1.0
0.6889226621480771,1.0
0.6283139099050744,1.0
0.44263414482053615,1.0
0.6941583934847855,1.0
0.5390637034126953,1.0
0.4305419959931581,1.0
-0.11397303101820744,0.0
0.26553174202166707,0.0
-0.06654973610322312,0.0
0.03682676728157819,0.0
0.015670155063435956,0.0
-0.11941931351363505,0.0
-0.1693570863860426,0.0
0.14570280440875932,0.0
0.08238161996734257,0.0
0.24558653039526662,0.0
0.5780603157646581,1.0
0.5149694432504484,1.0
0.19106411992558978,0.0
0.02315347513896855,0.0
0.633689373522675,1.0
0.6779746090117963,1.0
-0.13071693527762737,0.0
0.326645228008479,1.0
-0.002222784290853569,0.0
-0.07854012727024862,0.0
0.5687462502854969,1.0
0.025250044483689255,0.0
0.3658328876450707,1.0
0.47057639659257344,1.0
0.15970351983466557,0.0
0.09541199347181255,0.0
0.7881034645231242,1.0
-0.2546476799828672,0.0
0.34568433943893273,1.0
-0.026852719986476814,0.0
0.5955394248528794,1.0
0.2683612292047184,1.0
0.6893937149592723,1.0
0.12159370039611858,0.0
0.31359636121912815,0.0
0.5577334772992424,1.0
0.49588273694275947,1.0
0.07601844413770623,0.0
0.42617642763356267,1.0
0.6645584270223613,1.0
0.8893347429076603,1.0
0.24965929862230918,1.0
0.5375307645592226,1.0
0.5483220159169543,1.0
0.023808535788094234,0.0
0.522665162338856,1.0
-0.11393403953048017,0.0
0.2832189011524142,0.0
0.22456165881821605,1.0
-0.1314601527945978,0.0
0.6654799935837465,1.0
-0.08453507301000368,0.0
-0.02642740321484041,0.0
0.4134290145241504,0.0
0.05001199968831006,0.0
0.03322789867814156,0.0
0.47238283628566036,1.0
0.4779741835010091,1.0
0.32108760892662547,1.0
0.34121676736525663,1.0
0.5404879659682389,1.0
0.5623010738229902,1.0
0.602622863283311,1.0
0.1139384599323832,0.0
0.9001306733215789,1.0
0.42220674210094583,1.0
0.18146448011051952,0.0
0.6152357529124673,1.0
0.06810235461332302,0.0
-0.09216957416577526,0.0
0.3358599147475806,1.0
0.46547468758446114,1.0
0.30091682134308245,1.0
0.11868026435902666,0.0
0.6113665514812731,1.0
0.5220314781109284,1.0
0.1261151425752744,0.0
0.0960679750246588,0.0
0.7808296022693224,1.0
0.5466797406419772,1.0
-0.16128955637623557,0.0
0.590812277072951,1.0
0.8603561476360577,1.0
-0.17556699853202182,0.0
0.5894870445532836,1.0
0.6678394000741732,1.0
0.517567987373872,1.0
-0.20460668627079812,0.0
0.5378947713976988,1.0
0.6136986168180263,1.0
0.5295982982846853,1.0
0.6109446052436441,1.0
0.5551740724370138,1.0
0.5410948198108823,1.0
0.07707792160000705,0.0
0.5544549364455568,1.0
0.5491163261685938,1.0
0.4629554676627442,1.0
0.3574349392524879,0.0
0.04181765668585589,0.0
0.6903990826366213,1.0
0.49148938679721843,1.0
0.3604391704918455,0.0
0.10917039706138185,0.0
-0.17092024743858816,0.0
-0.1771533218398256,0.0
0.1992285263197367,0.0
0.7832944242857327,1.0
0.06910241142098561,1.0
0.011125668360818977,0.0
0.7110442813458188,1.0
0.6129581386509958,1.0
0.4603279899991346,1.0
-0.10050732159615194,0.0
0.3498221592808741,1.0
0.523594858793162,1.0
0.6140653432609684,1.0
0.2300998409976413,1.0
0.05191108208351697,0.0
0.25013923568488816,0.0
0.2750894264533005,1.0
0.14198538874983,0.0
0.8516514015345553,1.0
0.596702720211021,1.0
0.4550674359527243,1.0
0.1005771543026245,0.0
-0.2805414868685301,0.0
0.5939410968924435,1.0
0.06890350702989408,0.0
0.43845783628421925,1.0
0.4051400928278011,1.0
0.36664953394620603,1.0
0.19654188837536896,0.0
0.19152864039162845,0.0
0.272692307020137,0.0
0.056172576078983495,0.0
0.612630665330317,1.0
0.23588749187495853,0.0
0.38474229039381513,0.0
0.13416822943397105,0.0
0.306962188482504,0.0
0.6022433667824173,1.0
0.2074075864049714,0.0
0.5866422302696798,1.0
0.5149751276707659,1.0
0.5662444044025273,1.0
0.42287252816896637,0.0
0.32472414059247456,0.0
-0.147930389814594,0.0
0.012156284333811065,0.0
0.24066433597742537,1.0
-0.00044942081936667766,0.0
0.41991065375884795,1.0
0.20197134105239817,0.0
0.31788950903934343,0.0
0.4342928036536743,0.0
0.3608246419665312,1.0
0.5927320672884934,1.0
0.11230521805562868,0.0
0.38750108425813967,1.0
0.3129542859794652,0.0
0.02322720514223739,0.0
0.5793291063012856,1.0
0.19149250650925614,0.0
0.7313301448461956,1.0
0.46821423072487767,1.0
0.5233490482429085,1.0
-0.3712961310132906,0.0
0.6533251487165772,1.0
0.7741253716793997,1.0
0.5228924322890615,1.0
0.4449072934223432,1.0
0.3578737978540414,0.0
0.5780649230691464,1.0
0.2525192316747383,0.0
0.06961818253126531,0.0
0.4656990701577758,1.0
0.22382816445331738,0.0
0.14235148885101412,0.0
0.6731356733053685,1.0
0.10046255860835582,0.0
0.4505900642285998,1.0
0.831474301693893,1.0
0.19038970982405823,0.0
0.30457492316835255,1.0
0.10635656570108817,0.0
0.20657536691931017,0.0
0.34905263807668463,0.0
0.6369268634213298,1.0
0.30324735725651797,0.0
0.48044514111324255,1.0
0.21175602176018848,0.0
0.27820972044863956,0.0
0.6463756414398816,1.0
-0.04472501368589041,0.0
0.6916534419419433,1.0
0.7688020211299778,1.0
0.40969781849085074,0.0
0.2821852088702169,0.0
-0.029342767861859936,0.0
-0.20406065641188023,0.0
0.4459342271672696,0.0
0.5627831457044379,1.0
0.6116086304928524,1.0
0.7078668676525828,1.0
0.37175159683459025,0.0
0.45180268128244416,1.0
0.12044112163426761,0.0
0.5170316451613042,1.0
0.5898507260564215,1.0
0.6595750678147798,1.0
0.0004074573235544332,0.0
0.22908472394743234,1.0
0.7651877096199933,1.0
0.18878965843772738,0.0
0.6186892318581034,1.0
0.18088726245261527,0.0
0.3891693771800374,1.0
0.6289816440932544,1.0
0.7216101292244584,1.0
0.39816538894148973,1.0
0.46692247179286583,1.0
0.45738096938787987,1.0
0.2406394559623179,0.0
0.40210007068699,1.0
0.040825939448802494,0.0
0.6738393287256096,1.0
-0.16111361297487867,0.0
0.5673872622981047,1.0
0.6870914012924506,1.0
0.10258901084218605,0.0
0.6138318055185352,1.0
0.22030022096861912,0.0
0.5587994754023715,1.0
0.7223642644295252,1.0
0.1685302889198098,0.0
-0.05300564153022466,0.0
0.44307233963177306,1.0
0.33207306510856116,0.0
-0.009630012400269339,0.0
0.12784479479347338,0.0
0.6458404691234627,1.0
0.08754802059835698,0.0
0.48347820220135196,0.0
0.20103940755472013,0.0
0.18938737050311935,0.0
0.14498603272627053,0.0
0.7772344826300115,1.0
0.0977398239861788,0.0
0.5585553026093304,1.0
0.631408622328762,1.0
0.5287068353752452,1.0
0.43794100493264826,1.0
-0.11698424337503563,0.0
0.15078301935047927,0.0
0.0881291519767619,0.0
-0.07406487003131079,0.0
0.3306265102758805,1.0
0.4357763938616405,1.0
0.4617026927407857,0.0
-0.1732710786296516,0.0
0.4459705130725231,1.0
0.3531237868495857,0.0
0.7152981169936647,1.0
0.5168465099761139,0.0
0.23262586160118126,0.0
-0.02990714874971251,0.0
-0.01111248149974095,0.0
0.28493094862295365,1.0
0.07683423283072757,0.0
0.1779330006176261,0.0
-0.13590433063721372,0.0
0.5534744100510927,1.0
0.578918161747288,1.0
0.45545444527943,1.0
-0.021700088454528338,0.0
0.13388674940030923,0.0
0.6269400298000284,1.0
0.6149430682752488,1.0
0.40567224567501714,1.0
0.23131080294698392,0.0
0.07230247570225197,0.0
0.7088036256896117,1.0
0.056092570440098015,0.0
0.11669561480091767,0.0
0.28603342542105903,0.0
0.3501836729604888,1.0
0.8046506647606628,1.0
0.5982957586832981,1.0
0.21336246664934544,0.0
0.685651399765802,1.0
-0.15610389920626858,0.0
0.4850629882964535,1.0
0.39736547153343627,0.0
0.5097114702246514,1.0
0.5288285748033923,1.0
-0.09574158516926551,0.0
0.39222792213625046,1.0
0.49124268037825036,1.0
-0.10219052461276187,0.0
0.6321128773283671,1.0
0.5834456533216555,1.0
0.5573252357470017,1.0
-0.3286893120484078,0.0
0.07133099833467155,0.0
0.6831269751516035,1.0
0.5018108697488491,1.0
0.658653015167581,1.0
0.38179669706031294,1.0
0.32230685727907155,0.0
0.29988713955693114,1.0
0.30226057562393466,0.0
0.4954795734683032,0.0
0.37363202345353097,1.0
0.7308333344751903,1.0
0.39677162074762606,0.0
0.5005943671341772,1.0
-0.013137570155360906,0.0
0.29826988413941835,0.0
0.30456366446842986,0.0
-0.40338976004088667,0.0
0.1462770584831722,0.0
0.4669983466321266,1.0
0.331894440889603,0.0
0.22598392839232911,1.0
0.1372552391231612,0.0
0.5139620124880105,1.0
-0.01742272363423686,0.0
0.5083946065542947,1.0
0.24637470539547093,0.0
-0.23813634128252872,0.0
0.14256166095392991,0.0
0.6462510054451569,1.0
0.2720084565411405,0.0
0.4401846646688998,1.0
0.33596685254522707,1.0
0.6466409825338143,1.0
0.16198021171886118,1.0
0.6665936893845944,1.0
0.4851931238045392,1.0
0.5104732656214608,1.0
0.6136188695360516,1.0
0.042348589211578094,0.0
0.5695584235431201,1.0
0.20720058048770304,0.0
0.5380845311600624,1.0
0.6405449534645047,1.0
0.08475464938399235,1.0
-0.2237494379239062,0.0
0.16383083207366966,0.0
0.31680374514492937,0.0
0.5837229305695932,1.0
-0.07597570529264161,0.0
-0.31004676110663876,0.0
-0.05202684721678891,0.0
0.6798632495939365,1.0
0.15577643830471438,0.0
0.03827129194233936,0.0
0.02722470700969798,0.0
-0.03437312107489207,0.0
0.008736210641714273,0.0
0.5540813166348715,1.0
0.4284637968620316,1.0
0.34357329249017,1.0
0.29111064251820673,0.0
0.384040066816416,0.0
0.4127469559628546,1.0
-0.01578351572623521,0.0
0.5046820672714789,1.0
0.6187638301737544,1.0
0.11605454023775431,0.0
-0.09669285191304458,0.0
0.3624012380347107,1.0
0.43272079052158,1.0
0.6434295145501875,1.0
0.5291246685404275,1.0
0.10880404374519467,0.0
0.464569840602375,1.0
0.22091754518330245,0.0
0.5734531136352752,1.0
0.22645158225123097,0.0
0.15236426136096265,0.0
0.9652747659245473,1.0
0.3724529421881989,1.0
0.34743660107682395,0.0
-0.05821686621199848,0.0
0.6472907910678503,1.0
0.1615933476305128,1.0
-0.2004237223121094,0.0
0.273918552809186,0.0
0.5559307663818476,1.0
0.5163719103104045,1.0
0.795212740725865,1.0
0.14418478383438743,0.0
0.2364910061970144,0.0
0.18595292916006123,0.0
0.5851268654370175,1.0
0.3995178026585451,1.0
0.8871357752641601,1.0
0.373666969321913,1.0
0.570692830194753,1.0
0.44044100780791495,1.0
0.4564068153555788,1.0
0.615394650215488,1.0
-0.14917741415703692,0.0
0.06152477679418762,0.0
0.08121386933820017,0.0
0.06638008475978083,0.0
0.4954399742905163,1.0
0.527908493159449,1.0
0.08264013560160939,0.0
0.23826176793947176,0.0
0.5539154178945367,1.0
0.013589131370162488,0.0
-0.03999710011722557,0.0
0.5208284695903624,1.0
0.23433397252477886,0.0
0.510499865644833,1.0
0.524145302882962,1.0
0.1192852529099874,0.0
0.7395604976024086,1.0
0.12492576973530253,0.0
-0.13893791553775517,0.0
0.2657347654556798,0.0
0.24012236116893454,1.0
-0.15025619526961884,0.0
-0.013421356590071237,0.0
0.23733106829643624,0.0
0.45927699112554504,1.0
0.14667871806317614,0.0
0.4272471165414651,1.0
0.43399958481365103,1.0
0.6576293836858704,1.0
0.4748244947953581,1.0
0.5364369279558976,1.0
0.349949295095621,0.0
0.5501266299634219,1.0
0.5261537409243205,1.0
-0.1335510796851916,0.0
0.050250686578950814,0.0
0.6595770179291854,1.0
0.5059482189462883,1.0
-0.11772665514145339,0.0
-0.09023034169171079,0.0
-0.024591501403476962,0.0
0.11198466868407994,0.0
0.43963203466692374,1.0
0.08887789529388919,0.0
0.33223963029703407,0.0
0.809055588929654,1.0
0.21450166911988625,0.0
0.40339462726361686,0.0
0.21840150519829238,0.0
0.2084796996946548,0.0
0.5273968387752767,1.0
0.5966686605263548,1.0
0.7253145188268831,1.0
0.26187058138990493,0.0
0.47280050005834817,1.0
0.8481993599178019,1.0
-0.17004563419262256,0.0
0.5526162054678516,1.0
0.5741737665120213,1.0
0.22801114086782137,0.0
0.14979096981818457,0.0
0.41666863919882524,1.0
0.15154771125371616,0.0
0.05665657354846041,0.0
-0.22754791424034362,0.0
0.5027834957416472,1.0
0.622239092166943,1.0
0.45882844890570684,1.0
0.2194663674087608,0.0
-0.08130038156733457,0.0
0.42604419620732514,1.0
0.49517463052550015,1.0
0.7054685636381492,1.0
0.35127189594044533,1.0
0.7705562317328997,1.0
0.11937153436738633,0.0
0.2822972784450465,1.0
0.5994741446349113,1.0
-0.13381501843357288,0.0
-0.1138648392782006,0.0
0.38037040433133057,1.0
0.11525403752512292,0.0
0.6060393273341758,1.0
0.5620866491964391,1.0
0.4122990608612819,1.0
0.39789836681289903,1.0
0.9485780878131955,1.0
0.05905052968774056,0.0
0.37675156199500043,1.0
0.655809214921478,1.0
0.5955317551302368,1.0
-0.16183549440200276,0.0
-0.22445383800906668,0.0
0.2656718505280609,0.0
-0.02621282758133639,0.0
0.53530476834771,1.0
0.3097978086474565,1.0
0.46141161425020455,1.0
0.44301055603263145,1.0
0.2816791013952521,0.0
0.3794602549298526,0.0
0.1097176537707665,0.0
0.4789243317950683,1.0
-0.01520104182116909,0.0
0.30080106076108304,0.0
0.021122220197257874,0.0
-0.03121707952441488,0.0
0.2148366727979354,0.0
0.5643101511673235,1.0
0.40054040323988277,1.0
0.22661482613583903,0.0
0.1945163473385294,0.0
0.4960748467333193,1.0
0.0005806132899406208,0.0
0.5952059907801693,1.0
0.13236541075047983,0.0
0.5600715181653803,1.0
0.6333177451175784,1.0
0.11669701135819603,0.0
0.5935498592259719,1.0
0.3807617836811034,1.0
-0.1793021309593862,0.0
0.3139908243522339,0.0
0.2879461798011956,1.0
0.5905488273866663,1.0
0.2724288865168466,0.0
0.3422619186527004,1.0
0.4732307561338739,1.0
0.6762485924848768,1.0
0.36878806168262657,1.0
0.3711580718751512,1.0
0.3022700436411797,0.0
0.6720987847496128,1.0
0.359646490807891,0.0
0.5086493616990735,1.0
0.6183971515546115,1.0
0.0439521849736981,0.0
-0.20411402365016876,0.0
0.25959842127055666,0.0
-0.11725249215099715,0.0
0.16090605696379445,0.0
0.5918106923974567,1.0
0.2669390112910687,0.0
0.5166167244649706,1.0
0.025352883615244,0.0
0.8563418006517416,1.0
0.2571286749810525,0.0
0.5089386940753807,1.0
0.5232858576804146,1.0
0.25518296989876943,0.0
0.3079306922264755,1.0
0.6051032015769455,1.0
0.7250999454201021,1.0
0.5546867749361786,1.0
-0.2228329725912728,0.0
0.15616173560719732,0.0
0.3864237849265192,1.0
0.09802489598343028,0.0
0.6555296282702393,1.0
0.29233462401583926,1.0
0.10374660560746142,0.0
0.23319646777093178,0.0
-0.04195260505129886,0.0
0.3435737153608912,1.0
-0.01437598276163718,0.0
-0.14012040936342576,0.0
0.5735026435005044,1.0
0.29298863529343766,0.0
0.07666936175383668,0.0
0.5324193339542446,1.0
0.10131063263013595,0.0
0.4123258338941196,1.0
0.8059921353027325,1.0
0.09302677965640338,0.0
0.5440804862268314,1.0
-0.050166054009842226,0.0
0.6688882531375194,1.0
0.16644705435966736,0.0
0.015298201218281168,0.0
0.5534816430995394,1.0
0.5388108843915229,1.0
0.29018585986413736,0.0
-0.10584842975244052,0.0
-0.17806012893881093,0.0
-0.04016260564358401,0.0
-0.009547750700935803,0.0
0.20960606432740567,0.0
0.4295869687433296,1.0
-0.04225274785785488,0.0
0.6099211610112332,1.0
-0.16276173504711564,0.0
0.017220940098750165,0.0
0.26554675989282017,0.0
0.30921877130629916,1.0
0.2894459906557979,0.0
0.28291485700365937,1.0
0.3727235618409197,0.0
0.7076284388798233,1.0
0.5551038112350092,1.0
0.5172454178886954,1.0
-0.10670268796516916,0.0
0.6287890226037522,1.0
0.7512240947235644,1.0
0.34055306941082164,1.0
-0.1616586512364417,0.0
-0.08115258283935625,0.0
0.6962413846831987,1.0
0.1502423438769322,0.0
0.5418373719834545,1.0
-0.14400034462205388,0.0
0.19019351633677534,0.0
0.5874081649192765,1.0
0.22646275804141996,0.0
0.0610510965576133,0.0
-0.18387099081508027,0.0
0.4905312898719092,1.0
0.4587508848957782,1.0
0.07738643513329932,0.0
0.16275113173751896,0.0
0.6083617629369572,1.0
0.475471520571313,1.0
0.1509719561135105,0.0
0.3036187285222945,0.0
0.6615253466413668,1.0
0.18821130771093553,0.0
0.6151048724059317,1.0
0.5058583477386361,1.0
0.3485771424965284,1.0
0.2045919908737967,0.0
0.4747019595443748,1.0
0.5717739590400883,1.0
-0.004724433334478431,0.0
-0.02143306552306609,0.0
0.3549351708778915,0.0
0.21470904060959053,0.0
0.541703739016363,1.0
0.27230977835138237,0.0
0.7224822848555637,1.0
0.3360433931967426,1.0
0.4408916002047398,1.0
0.8366765368569085,1.0
0.42007939624784646,1.0
0.17077911034709206,0.0
-0.16248055314111662,0.0
0.42281925860612357,1.0
0.08097597008877802,0.0
-0.22945285383999228,0.0
0.6091525936164455,1.0
-0.17462256690966696,0.0
0.6784290599301216,1.0
-0.02777237046801745,0.0
0.2886739113617486,0.0
0.42539711100853017,0.0
0.5073634555128569,1.0
0.42156790466629823,1.0
-0.10997544032752513,0.0
0.4029711703162029,1.0
0.5075401800669037,1.0
-0.022103454720649784,0.0
0.18406754865613384,0.0
-0.08482910686673828,0.0
0.6870936890651567,1.0
0.4250303545245113,1.0
0.4620060928665032,0.0
0.77418315103333,1.0
0.47873675086981593,0.0
0.5105745409344854,1.0
0.7132950482787379,1.0
0.5361773011278012,0.0
0.7664885971552983,1.0
0.5074631681263858,1.0
0.5064449677427963,1.0
0.10712226951991559,0.0
0.7014881842071332,1.0
0.14794394538914576,0.0
0.518799622529406,1.0
0.48964341345399526,1.0
-0.07842577223081179,0.0
0.20789012686103164,0.0
0.4583291918157799,1.0
0.4734588155873269,1.0
0.6746675486249558,1.0
0.5109501665918597,1.0
0.24182797056357566,0.0
0.2092723130727298,0.0
0.6235462263364854,1.0
0.3944260519785548,1.0
-0.2652875784099554,0.0
-0.000541842693928124,0.0
0.5836165192520562,1.0
0.1807595606967162,0.0
0.6442930667714818,1.0
0.7256171564725693,1.0
0.07492900950437444,0.0
0.3233179202581653,1.0
0.5559200452834535,1.0
0.07224546586427498,0.0
0.037683317589778,0.0
0.4300694856569629,0.0
0.1702973773876029,0.0
0.17907692266389957,0.0
-0.1414393544424473,0.0
0.8340029321078893,1.0
0.29050765213215535,1.0
0.2578260442110568,0.0
0.44707265784998085,1.0
0.21011225552833224,0.0
0.43939586093273164,1.0
0.850983275530558,1.0
0.4307361549481738,1.0
0.6810652248305621,1.0
-0.2288535333475448,0.0
-0.1062254335863595,0.0
0.5162090706246837,1.0
0.19572344699261504,0.0
0.10276442434411383,0.0
-0.29774915823357895,0.0
0.11823795530146375,0.0
0.06736196275777423,1.0
0.0904442762318004,0.0
0.15174804152736002,0.0
0.29620144797334297,0.0
0.23877253415745184,0.0
0.2967845396588646,0.0
0.05017817976938142,0.0
0.11240453908514159,0.0
0.7213993540902655,1.0
0.1268231097488391,0.0
0.5964296078200131,1.0
0.47593456408049273,0.0
0.32886898607288684,0.0
0.0921716285996455,0.0
0.5285093224121054,1.0
0.6208822151474978,1.0
0.34350558046338864,0.0
0.35410892971736396,0.0
0.24837699475879466,1.0
0.06462859245255284,0.0
0.15341151263007002,0.0
0.0023127815807585383,0.0
-0.07139401994775887,0.0
0.524271536034894,1.0
0.7250554455662159,1.0
0.608156265009739,1.0
-0.09106580103886039,0.0
0.6414197290992715,1.0
0.6583702435365881,1.0
-0.06085507850165048,0.0
0.5922493885955699,1.0
0.5842702801995858,1.0
0.34793505116547296,1.0
0.7026040363324487,1.0
-0.1123034384895919,0.0
0.2832591324949827,0.0
-0.25042789588884573,0.0
0.27087752237147206,1.0
0.16958204218655637,0.0
-0.07030056251764827,0.0
0.4978039524895257,1.0
0.38646155133274,1.0
0.04984573433374082,0.0
0.45838040424570753,1.0
0.26784746791300884,0.0
0.5752630002350886,1.0
0.37967373085604617,0.0
0.28437918083193964,1.0
0.5013247618042415,1.0
0.36465466420760795,1.0
0.6261283778236071,1.0
-0.1581155437176938,0.0
-0.008274665658195374,0.0
0.25116921629125455,0.0
-0.07606647188539883,0.0
-0.04635502862037766,0.0
0.5619123574452372,1.0
0.5630568901041028,1.0
0.12452897293294492,0.0
0.6547659703405976,1.0
0.6999265004729983,1.0
-0.14069136459453294,0.0
0.7186433189688568,1.0
0.45250312321618125,1.0
0.6502103286447066,1.0
0.38119812292251043,1.0
0.5403231168431725,1.0
-0.08620521151012733,0.0
0.02331993257517427,0.0
0.5647672987645442,1.0
0.6851032885270902,1.0
0.0006631619796612503,0.0
0.40855508810381813,1.0
0.41397628591380553,0.0
0.5350529674704375,1.0
0.5216878536227246,1.0
0.42452871222722155,1.0
-0.07468811727509878,0.0
0.19442871900570957,0.0
0.2700059827860589,1.0
0.06587181065862757,0.0
0.19931026900558718,0.0
0.7147936366692421,1.0
0.2542493012997753,0.0
0.10529977359684238,0.0
0.447778427578538,1.0
0.5851436038660036,1.0
0.1092054934161617,0.0
0.31106191214693535,0.0
0.0017385025614429367,0.0
0.08398095680463336,0.0
0.06991325855362275,0.0
0.0574846807946516,0.0
0.2721502845655345,0.0
0.8303463115265174,1.0
0.1255234057196107,0.0
0.4684590758531015,1.0
0.6666917183957908,1.0
0.49266833200702204,1.0
0.6559817280279431,1.0
0.08519443015472226,0.0
0.6321503557291351,1.0
0.4218978026669323,1.0
0.12496134380450108,0.0
0.12553571550958187,0.0
0.47239800837013735,1.0
0.5109978424328314,1.0
0.3398047393076976,0.0
0.20209934008716185,0.0
0.4987425086099365,1.0
0.7217197403042762,1.0
0.09363437673410735,0.0
-0.15940946704020828,0.0
0.6852337470039412,1.0
0.5022397929330551,1.0
0.10026313236330722,0.0
-0.058036007771925996,0.0
0.5417130000781646,1.0
0.17957570370646808,0.0
0.040799917151418334,0.0
0.4312689567173045,0.0
0.3051618531652576,1.0
0.49902153461914156,0.0
0.14241522837415135,0.0
0.28485939025171764,0.0
0.06433011058831492,0.0
0.7175254450029447,1.0
0.538198352451443,1.0
0.3601220624004824,0.0
0.09750915560188027,0.0
0.4449503637626252,1.0
0.25062505402643764,0.0
0.10215919657443247,0.0
0.09384792800312002,0.0
0.13961809516084345,0.0
0.3361090245435853,0.0
0.4711333017804811,0.0
-0.15528995466774756,0.0
0.6266013260299313,1.0
0.5666413396594753,1.0
0.5437875803391893,1.0
0.0015971458287442203,0.0
0.060377631513301305,0.0
0.5489443287323152,1.0
0.6701372559656125,1.0
0.25887725362135017,0.0
0.05864077688254371,0.0
0.7134070574633324,1.0
0.39087372984347823,0.0
0.15745259294345076,0.0
0.1647073383859677,0.0
0.692501015438901,1.0
-0.27860173435241686,0.0
-0.059811142784581245,0.0
0.5172596229733568,1.0
0.680802305193347,1.0
0.44539891432457934,1.0
0.3834478720012884,1.0
0.4203563219229618,0.0
0.7270692705988542,1.0
0.5139525913823172,1.0
-0.1253725753465442,0.0
0.6306610282222265,1.0
0.26215112353124725,1.0
0.7325329295382198,1.0
0.7038329128809037,1.0
0.17994401588645015,0.0
0.600298796049131,1.0
0.6189032084126922,1.0
0.6821521633594645,1.0
0.07093368397087363,0.0
0.4887706617593651,1.0
0.5660029503257304,1.0
-0.13983004140824754,0.0
-0.1217265278880548,0.0
0.20798764657439633,0.0
0.9245450609814965,1.0
0.19741294705955775,0.0
-0.14899496542510368,0.0
0.13479211330380028,0.0
0.12188089299264016,0.0
0.3547869907243214,0.0
0.35313347880236856,0.0
0.4771081921005717,1.0
0.7198942577843166,1.0
0.3858151797340238,1.0
-0.17753924585542377,0.0
0.1484912917519205,0.0
0.7843295018534426,1.0
0.37012006905572936,0.0
0.5531615209034433,1.0
0.7406761071578957,1.0
0.7370934148248475,1.0
0.356042529812093,1.0
0.17520779364046785,1.0
0.12453065213782874,0.0
0.642699439752504,1.0
0.4728448752222281,1.0
0.4059750977197847,1.0
-0.24180708684063543,0.0
-0.017483534571487352,0.0
-0.026023984965377056,0.0
0.4894127494578164,1.0
0.6473495625719907,1.0
0.494879856373866,1.0
0.6233777979683185,1.0
0.6688816053059612,1.0
0.7515128391712151,1.0
-0.2161015086134365,0.0
0.06734740518025845,0.0
0.44156392669991223,1.0
0.6337954626244527,1.0
0.32215412575317665,1.0
0.7896891004971265,1.0
0.10035806333643167,0.0
0.35712168826840096,1.0
0.8576430379951899,1.0
0.18010351346703501,1.0
0.2607435236805029,0.0
0.37610645703946477,1.0
0.5061187894299098,1.0
0.11155377152901348,0.0
0.08771578337577146,0.0
0.3056057384361968,0.0
0.6534972728952987,1.0
0.43687692755139135,1.0
-0.025805611801518996,0.0
0.5024695702829836,1.0
0.7195646732842635,1.0
-0.21633418021603376,0.0
0.2942345334656831,1.0
0.5338857451030381,1.0
0.21351779799663462,0.0
0.1388543058354102,0.0
0.6095496181153756,1.0
0.6209793961589427,1.0
-0.14330955145202098,0.0
0.390909696834716,0.0
0.6518632067678847,1.0
0.7416225917768611,1.0
0.007974758217327335,0.0
-0.06040563883298547,0.0
0.3020188124531726,0.0
0.23697279539915125,0.0
0.3384073356171187,0.0
0.7693733839209883,1.0
0.5393884630332587,1.0
0.5371038531277499,1.0
0.24091214356180643,0.0
-0.14603831067917586,0.0
0.5268319108189625,1.0
0.4925635282211625,1.0
0.04234913502514095,0.0
0.1296114176498591,0.0
0.26472653323658485,0.0
0.36416160514937623,1.0
-0.35791435049719433,0.0
0.5927348783166984,1.0
0.7539093656033434,1.0
0.21626632265123358,0.0
0.21319289007471628,0.0
0.5984867657782698,1.0
0.10132192499119502,0.0
0.12188834379746592,0.0
0.13089242148139932,0.0
0.7029772001239446,1.0
0.1663159109496557,0.0
-0.31120951847898626,0.0
0.35636010123280804,1.0
0.5819507673919727,1.0
0.21087628661316715,0.0
0.6221693625459582,1.0
0.26739300780224917,0.0
0.4577266136389746,1.0
0.5533428409569663,1.0
-0.014850358619244344,0.0
0.1296829699878651,0.0
0.5742858172289987,1.0
-0.12499112822248842,0.0
0.36112404111839447,1.0
0.3366497283463429,0.0
0.5786069018304528,1.0
0.27592221621199775,0.0
0.27362534086896445,1.0
0.4086569970958948,1.0
0.880722288439166,1.0
0.5351378397910973,1.0
0.33522570581712374,1.0
-0.13717358684624323,0.0
0.3538807190756471,1.0
0.33224667718380485,1.0
0.09481925605341798,0.0
0.7397536146869096,1.0
0.12017535371870655,0.0
0.13910056150042327,0.0
0.4685686335122263,1.0
-0.12275373181240518,0.0
-0.1710099908380918,0.0
0.21978473978189295,0.0
0.37595253294650377,1.0
0.0812327404853762,0.0
0.5587369389756449,1.0
-0.10505351478751751,0.0
0.46593179192676404,1.0
0.7046444552613025,1.0
0.19934076397002914,0.0
0.15480051931728633,0.0
0.40946803869660764,0.0
0.7922119144281263,1.0
0.25866304109430643,1.0
0.14333487132226172,0.0
0.5606318583803664,1.0
0.03262509789557862,0.0
0.09372333365839663,0.0
0.22825913914689816,0.0
0.14738327561887313,0.0
0.16805048671588577,0.0
0.7365758876773336,1.0
0.1602164747574342,0.0
0.04545083681929674,0.0
0.1951539299260004,1.0
-0.04807969603854062,0.0
-0.3287570699303146,0.0
-0.4339504257994309,0.0
0.5473663526986962,1.0
0.17781640924609357,0.0
0.8440322224692628,1.0
0.8847831856907706,1.0
0.5735080111909623,1.0
0.5900127372564475,1.0
0.21704764195627757,0.0
0.6165374975043322,1.0
0.7555355264987431,1.0
0.31355606936650915,0.0
0.5938998901837829,1.0
0.9110179584618439,1.0
0.928741451855714,1.0
-0.16753521402421914,0.0
0.3649909364268493,1.0
0.7127245125733253,1.0
0.4839224722916875,1.0
0.7068917184254432,1.0
0.47113572768207884,1.0
-0.012401177738299643,0.0
0.7384954950676151,1.0
-0.03454488083118168,0.0
0.18106835726477133,0.0
0.618496133338167,1.0
0.5207430735644277,0.0
0.674617744648917,1.0
0.15516601559080195,0.0
0.661174413432993,1.0
0.048930366370579854,0.0
0.6991607340884097,1.0
0.38238454655674603,0.0
0.09286591546522982,0.0
0.14627207294409525,0.0
0.47404366980072554,1.0
-0.0743203283545241,0.0
0.04566088288650964,0.0
0.12305525408506793,0.0
0.4026263919522388,1.0
0.37004929696454103,0.0
0.1227231313855592,0.0
0.20989821746374654,0.0
-0.0026384782248120853,0.0
0.7694078449873051,1.0
0.9086851896029027,1.0
0.5548704458106447,1.0
0.017626677219909154,0.0
0.12546699628564378,0.0
-0.03792770550630087,0.0
0.6375971807476575,1.0
0.0818949861505257,0.0
0.7878281446526645,1.0
0.6166253914231301,1.0
0.3805811117616238,1.0
0.6876991469597364,1.0
0.69488160481011,1.0
0.4208443685594322,1.0
0.03797976647834729,0.0
0.6337021176525113,1.0
0.04695384302480348,0.0
-0.10626525224456015,0.0
0.5023547584240533,1.0
0.5998616828768393,0.0
0.1755501625155056,0.0
0.2552650679379095,1.0
-0.10349349412792366,0.0
0.45331205186119794,1.0
-0.04609331849982315,0.0
0.39209171403359355,1.0
0.08961900475832774,0.0
0.17963264138333568,0.0
0.6714657941980472,1.0
0.4178834129606778,1.0
0.48972929137614873,1.0
0.32269054143666565,1.0
0.03424511731631551,0.0
0.5326317471962951,1.0
0.12320549230646913,0.0
0.5544201809268694,1.0
1.0485650979156285,1.0
0.23872143913465982,0.0
0.17606534233258567,0.0
0.5294033447771771,1.0
0.2995427274908432,0.0
0.31558360961578213,0.0
0.6736414042824882,1.0
0.6872383539666913,1.0
0.35496145138086244,0.0
0.3259253554739998,1.0
-0.01216344408712286,0.0
0.08631614542067889,0.0
0.833424567488186,1.0
0.606754365862195,1.0
0.1272656110653842,0.0
0.12769694121663486,0.0
0.8749477019192249,1.0
0.5937758262680723,1.0
0.7384931609284456,1.0
0.5561903990481999,1.0
0.5526711208565037,1.0
0.5173433296186185,1.0
0.42323206586882456,0.0
-0.03193335439256337,0.0
0.48098424824564506,1.0
-0.07342636658581683,0.0
-0.0679257328768639,0.0
0.7897683586568882,1.0
0.482691751667383,1.0
0.795362064799507,1.0
0.158693042582268,0.0
0.43058402936835627,0.0
0.3774252805359565,1.0
0.5138117373519244,1.0
-0.08093129935526655,0.0
0.638064107326351,1.0
0.4353711796303381,0.0
0.0682536130616595,0.0
0.1831554277059793,1.0
0.6136294924972863,1.0
0.3633984202924714,0.0
0.0371929075128971,0.0
0.3460618820201481,1.0
0.6185455394521593,1.0
0.6126868252482703,1.0
0.09360648078452788,1.0
0.5771623701518753,1.0
-0.38134632750745046,0.0
0.6433090925997511,1.0
0.5369420916520181,1.0
0.6832498730589371,1.0
-0.018290984398934285,0.0
0.1159389870780732,0.0
0.7199893112649977,1.0
-0.18604476702622888,0.0
0.19461814851711395,0.0
0.6367340560221904,1.0
0.008750580129479713,0.0
0.6727629912180699,1.0
0.11959272331981298,0.0
0.6975011462024264,1.0
0.5832785295119438,1.0
-0.017228499842608158,0.0
-0.21130551130010208,0.0
0.2523924723877289,0.0
0.28525047043269824,1.0
0.4143566810739582,1.0
0.08507121327871453,0.0
0.14198079598883295,0.0
-0.021378667376597882,0.0
0.9442607028105465,1.0
0.6240205510586839,1.0
0.18688197643647386,0.0
0.2973960898990733,0.0
-0.08451533271824094,0.0
0.41370740871465217,1.0
0.7429050112677505,1.0
-0.1501907752213977,0.0
-0.36257980366915576,0.0
-0.10067973682661216,0.0
0.8296517701414963,1.0
0.031895578622954904,0.0
0.4215733722335162,1.0
0.18887932785157013,0.0
0.6222682647734477,1.0
0.4077379421634888,1.0
0.45187532502454186,1.0
0.5098593523179087,1.0
0.5609253779365516,1.0
0.6489802781951582,1.0
-0.16606426395041504,0.0
0.6079376374657195,1.0
0.648392675001903,1.0
0.7373980011927049,1.0
0.3601454776753096,0.0
-0.12145454162793667,0.0
0.19622359219015773,0.0
0.4663211523619288,1.0
0.30421535255491516,1.0
0.4614163867735649,1.0
0.12150382089958092,0.0
0.44589897308953486,1.0
0.009741638111907203,0.0
0.08641654914647698,0.0
0.04737921188086712,0.0
-0.1284646755613232,0.0
0.07306751718448032,0.0
0.6003181247300978,1.0
0.2512803379111878,0.0
0.24707499784830944,1.0
0.525069081817253,1.0
0.6182278560260311,0.0
0.7106224880976189,1.0
0.2338563130678353,0.0
0.05436485061739931,0.0
0.5019428895644986,1.0
-0.0012086065464006202,0.0
0.27490397747497947,1.0
0.07187994825828097,0.0
0.681700479007491,1.0
-0.04030224342077324,0.0
0.7534054537349729,1.0
0.6542713253601851,1.0
0.7333199061784756,1.0
0.6078656685701753,1.0
0.16060759328446084,0.0
0.27614672741692575,1.0
0.9941391544860593,1.0
0.10585640994022781,0.0
0.5370796562573188,1.0
0.03914144258343625,0.0
0.4726774585272864,1.0
0.14210267331679724,0.0
0.6143675835068538,1.0
0.5447980492358615,1.0
0.1036084935347496,0.0
0.6569182144641788,1.0
0.3896874561740512,1.0
0.5614167408225585,1.0
0.05575933483269417,0.0
0.5752103035397668,1.0
-0.18981230959452186,0.0
-0.04194484843532928,0.0
0.6852950191801542,1.0
0.042204356483256496,0.0
-0.15311851648931893,0.0
0.023504234585172923,0.0
0.1254012416112329,0.0
0.6467083059986863,1.0
0.5328965017984519,1.0
0.5176376336600432,1.0
0.4230982594873597,1.0
0.4876771892819649,1.0
0.5166000243277413,0.0
0.12293936431844295,0.0
0.08684665681994963,0.0
0.678424527591293,1.0
0.2527280584082884,0.0
0.63879080754906,1.0
-0.08093321028559453,0.0
0.02783891838745499,0.0
0.6667651889494216,1.0
0.6884313507814941,1.0
0.12464871501968436,0.0
0.16225038843018857,0.0
0.5961800791274308,1.0
0.5895234761729701,1.0
-0.08586076801021875,0.0
0.6501048093815831,1.0
0.06864185556430326,0.0
0.7829448617089803,1.0
0.08888310411364511,0.0
0.748415384160598,1.0
0.6934284799461703,1.0
0.5810944615842937,1.0
0.08864514242853792,0.0
0.6199679965918563,1.0
0.738621790067851,1.0
0.21644014604390047,0.0
-0.11485763729650006,0.0
0.1456592649524721,0.0
0.4378939387909422,1.0
-0.12463644894041959,0.0
-0.23037229741903778,0.0
0.438931356537303,1.0
0.5872291998863132,1.0
0.5092203739878182,1.0
0.02538407751962561,0.0
0.1509113199907644,0.0
0.4304205132109833,1.0
0.4757076114344442,1.0
0.4112707679823436,1.0
0.5369841260966117,1.0
0.11469424363594576,0.0
0.32675394356443077,1.0
0.07844713321501762,0.0
0.12023140589024259,0.0
0.6174786168823073,1.0
-0.12304535107181808,0.0
-0.18166206722925118,0.0
0.47456058075677804,1.0
0.46401235413880215,1.0
-0.04327933836892531,0.0
0.08448461875785963,0.0
0.7864308282581959,1.0
0.7335912101297326,1.0
0.3748526625802035,1.0
0.21242929622219908,0.0
0.10215144527831413,0.0
0.13769265738745462,0.0
0.15592855857278454,0.0
0.08501075725420816,0.0
0.15311054036036414,0.0
-0.16513322906407416,0.0
0.4768721266259991,1.0
0.28320469020665223,1.0
0.7127115731872423,1.0
0.5749544209252203,1.0
0.5009026524724601,1.0
0.14511577323650532,0.0
-0.09978938314183902,0.0
-0.11244261417523016,0.0
0.13090957561321537,0.0
0.36286186577909707,1.0
-0.026313839785878756,0.0
0.017415629041202696,0.0
0.45540486771588595,1.0
0.5396311926565295,1.0
0.6265895957482361,1.0
-0.07869128721943897,0.0
0.7811552323081995,1.0
0.4459558056069476,1.0
0.017612644959639046,0.0
0.16547885908418136,0.0
0.6633846828107113,1.0
0.46066300460535126,1.0
0.5219016069674242,1.0
0.10427521451445095,0.0
-0.08434129308690189,0.0
0.49373816693684697,1.0
0.6019918214031116,1.0
0.5989123802975379,1.0
0.30661016440416544,0.0
0.17597685521121081,0.0
-0.24272631981962697,0.0
0.15850398091361168,0.0
0.5584913670664847,1.0
0.5139626906232453,1.0
0.27635682000774797,1.0
0.5496108411218017,1.0
0.6242125246784498,1.0
-0.033030078559969284,0.0
0.1471983673183129,0.0
-0.049550832055622634,0.0
0.34197206626192933,1.0
0.42074657725172027,1.0
0.7092837701297934,1.0
0.14055038563789288,0.0
0.1532790525696082,0.0
0.5848048624239102,1.0
0.44438759256460914,1.0
0.7560158975360712,1.0
0.0660303581181401,0.0
0.04418872676288394,0.0
0.860861920205539,1.0
-0.12430953093249575,0.0
0.40269749404336064,1.0
0.12057454845379068,0.0
0.5604665264446891,1.0
0.37607631602141456,0.0
0.22777735145944242,0.0
-0.0491935875736384,0.0
0.11329470805231226,0.0
0.05183228384541329,0.0
0.6495544661553948,1.0
0.6595973744763041,1.0
-0.017820410275044565,0.0
0.4593341746894338,1.0
0.16370910408194492,0.0
0.8174939108694178,1.0
0.7911171921619664,1.0
0.4010893139709368,1.0
0.340610426699717,1.0
0.6684545167483958,1.0
0.5913106324405516,1.0
0.14756846468408327,0.0
0.3251095518858159,0.0
0.5482659946811718,1.0
0.7963710288215989,1.0
0.4687976740895897,1.0
0.372498376811602,1.0
0.160238376421233,0.0
0.18452281938723375,0.0
0.44643696288338847,1.0
-0.10415054488726372,0.0
0.043994600652561784,0.0
0.034261997849502984,0.0
-0.015213465923491723,0.0
0.17952715138635628,0.0
0.29992007791666786,0.0
0.5376808048736568,1.0
0.02754076752013901,0.0
0.2755489398302948,1.0
0.051602653140350105,0.0
0.5020462894502946,1.0
0.16165591556571163,0.0
0.5868543978300367,1.0
0.5521375053358532,1.0
0.4920057636855054,1.0
0.02573722266843244,0.0
0.6770994724049861,1.0
-0.11520455862565862,0.0
-0.05432608420660695,0.0
-0.005315690922723451,0.0
0.25524648003951256,0.0
0.5731720472733681,1.0
0.15084291589825652,0.0
0.7023221693095155,1.0
0.4194063877239567,1.0
-0.11078362639767958,0.0
0.5599586856159848,1.0
-0.03798804169551637,0.0
0.4410114940074681,1.0
0.17498347803828485,0.0
0.20278641433346156,0.0
0.09201145045494406,0.0
-0.08159949016982276,0.0
-0.12688968674248793,0.0
0.5750757478902155,1.0
0.297327659004715,1.0
0.354280119023345,1.0
0.6705746670952338,1.0
0.5006961060650235,1.0
0.629798188239733,1.0
0.8819420909670543,1.0
0.659276806391007,1.0
0.7888052321716665,1.0
0.6538017273310593,1.0
0.1268287522746987,1.0
-0.16928328926227523,0.0
0.2804982067697028,0.0
0.09905093115221753,0.0
-0.18291132758099846,0.0
0.4462938799588839,1.0
0.06907262474075974,0.0
0.1289395966737995,1.0
0.3595766574099971,0.0
0.36448764469678413,1.0
0.6316991602852906,1.0
0.43029177648229144,1.0
0.010814382105722123,0.0
0.11490303630590301,0.0
0.6584576188704548,1.0
0.32431385050864503,0.0
0.5272065567700953,1.0
0.6782004758000935,1.0
0.10820674541535187,0.0
0.09352439450333504,0.0
0.38539160365056013,1.0
0.2837762726294087,0.0
0.37650188935519224,0.0
0.6063921234162983,1.0
0.44954638246950485,1.0
-0.2869184064851119,0.0
0.5312018053298471,1.0
0.22068319236391287,0.0
0.6787735029127624,1.0
0.2550351306625356,0.0
0.7853138462542287,1.0
0.3771231519203192,0.0
0.7205971250873455,1.0
0.01892973193961875,0.0
0.07638825646894981,0.0
0.60446248305613,1.0
0.11462276498507142,0.0
-0.13739642401033697,0.0
0.24254280928832736,0.0
0.5266137946747077,0.0
0.02206752318857244,0.0
0.33823935138443634,1.0
0.3468686538173279,1.0
0.3393647383641826,1.0
0.020841209514195602,0.0
0.09744765898502537,0.0
0.6018546139439573,1.0
0.012266047800532642,0.0
0.5128062606135596,1.0
-0.17118581152078752,0.0
0.3015962030326216,1.0
0.19680299806316826,0.0
0.1121828869360453,0.0
0.17657449096867026,0.0
0.5797417499083767,1.0
0.15018687326892746,0.0
0.6616835699067,1.0
0.6489238837860596,1.0
0.11234576664234161,0.0
0.6096513434614796,1.0
0.15331862460903162,0.0
0.17571561273552438,0.0
0.2196056762659519,0.0
0.04727989234000579,0.0
0.6500212739805282,1.0
0.4168556233940335,1.0
0.5041010542326162,1.0
-0.011942344812777186,0.0
0.8279224252475643,1.0
-0.10857530029188533,0.0
-0.45909064352986484,0.0
0.06406014771069968,0.0
0.5111496523318049,1.0
0.4051305922766646,1.0
-0.21618735684391147,0.0
0.5980988717747826,1.0
-0.09722741475522706,0.0
0.06501078187848426,0.0
0.6145396437041716,1.0
0.5839894040226541,1.0
0.389569151627821,0.0
0.5434916255670713,1.0
0.6077684515628149,1.0
0.3583032317300629,1.0
0.7370850657838176,1.0
0.1869112981610866,0.0
0.16130032463746577,0.0
-0.10123993451084332,0.0
0.530184843402459,1.0
0.423514957007693,1.0
0.14508878044013473,0.0
0.5084330302717621,1.0
0.5769520395880063,1.0
0.696328322805322,1.0
-0.01861155143816977,0.0
0.2478738421275124,0.0
0.46002179188984327,1.0
0.023385762517630526,0.0
0.650344781446536,1.0
0.514730512194882,1.0
0.3057246631741034,1.0
0.37991631376295576,0.0
0.12783543253131563,0.0
0.5749807414089627,1.0
0.8402365152915248,1.0
0.12626303286576115,0.0
-0.028234818528930478,0.0
0.44937428525482936,0.0
-0.10732156141936083,0.0
0.11014764787833262,0.0
-0.25279469019888845,0.0
0.43558094781824563,1.0
-0.12600633391463853,0.0
0.20793103361195697,0.0
0.22638967734070325,1.0
0.518398975915503,1.0
0.5519221752931219,1.0
-0.06821414464831127,0.0
0.5233273712120544,1.0
-0.02306122479869134,0.0
0.21313970323074277,0.0
0.13808721443717617,0.0
0.6870108714066333,1.0
-0.1319542114241542,0.0
0.20701957906208435,0.0
0.1783684833678229,0.0
-0.06718644993799022,0.0
-0.4173020608160434,0.0
-0.15868821925506663,0.0
0.13355110565471234,0.0
-0.09379010938805366,0.0
0.8372549519770522,1.0
0.26293223534303495,0.0
0.12180231543771126,0.0
0.17365165993709406,0.0
0.2383663312116831,0.0
0.6205536911052963,1.0
0.568681432417316,1.0
0.6542807817018278,1.0
-0.10838943844171428,0.0
0.13947100124779127,0.0
0.5416739354610781,1.0
0.48648284203029557,1.0
0.18736228569016916,0.0
0.6563019538656607,1.0
0.539326273025518,1.0
0.4022863175543795,1.0
0.15921433751080272,0.0
0.24550693476937158,0.0
0.5258031341186051,1.0
0.6628496057819793,1.0
0.5004487650692747,0.0
0.19389991688554847,0.0
0.4803841020401445,0.0
0.6816538700435428,1.0
0.5556073432238615,1.0
0.296687823128505,0.0
0.4419278217570771,1.0
0.612593338136262,1.0
0.07186901979123597,0.0
0.14289224461129227,0.0
0.33146741903621196,0.0
0.7925770150456859,1.0
0.7272870520027274,1.0
0.5714793354956739,1.0
0.5939853176925789,1.0
0.5803612882852643,1.0
0.40274827558815846,1.0
0.4606574758342996,0.0
0.1004251352498091,0.0
-0.06957015712302902,0.0
0.4541266160927502,0.0
0.07109590685042681,0.0
0.027025615206288434,0.0
-0.139893824111661,0.0
0.43629306506713983,1.0
0.6207103978919538,1.0
-0.0056475090766262975,0.0
0.20634097582579303,0.0
0.3612634162509002,0.0
0.4407762704555528,1.0
-0.17361500534224447,0.0
0.34844874279811816,1.0
0.16268387775525012,0.0
0.20424224189889295,0.0
0.6644982929672529,1.0
0.6007483576463191,1.0
-0.0008671716360666437,0.0
-0.06497694215402466,0.0
-0.026371340372656038,0.0
-0.005994258560318905,0.0
0.09189455507800179,0.0
0.6070871862887421,1.0
0.18460326791919354,0.0
0.5426264183191035,1.0
0.048846840824700234,0.0
0.6029368529460274,1.0
0.7403714710646918,1.0
0.4429523945537257,1.0
0.025907074950998685,0.0
0.5168175952448095,1.0
0.04781544736352431,0.0
0.5561726563374607,0.0
-0.03680806118811075,0.0
0.4856306995477758,1.0
0.3511769901072678,0.0
0.2516003130208099,0.0
-0.052251002267273694,0.0
0.17520005996986898,0.0
0.2988639079075339,0.0
-0.020659104929015376,0.0
0.22013067455819535,0.0
0.6022081781727926,1.0
0.6055953748835834,1.0
0.30909572001160973,1.0
0.4116503748968636,1.0
0.7096884155904184,1.0
0.7131249120764376,1.0
0.8310556005066931,1.0
0.1407034359331531,0.0
-0.15870860974489095,0.0
0.28324651528543954,0.0
0.5299324999707686,1.0
0.002822722951876272,0.0
-0.17067481071272997,0.0
0.4500106743949468,1.0
0.30790347468674084,0.0
0.38560232327094623,1.0
0.6075883335432886,1.0
0.3591359178553538,1.0
0.7007996984417715,1.0
0.6392138512056902,1.0
0.7136812538755979,1.0
-0.3859353655293073,0.0
0.6900262091434879,1.0
0.63692709696812,1.0
0.636848207251064,1.0
0.3935085470992564,1.0
0.9022568729912088,1.0
0.5404000805843558,1.0
0.6465557633450483,1.0
0.4658533142438438,1.0
0.22211399199033413,0.0
-0.10988746886903034,0.0
0.23832185835728703,0.0
-0.01812727306552056,0.0
0.18294538087321055,0.0
0.6793263423356539,1.0
0.8100672535303229,1.0
0.17137366894994016,0.0
0.10460345451767535,0.0
0.2929839231174681,0.0
0.2262674385761677,0.0
0.5320583196693216,1.0
0.5517829122702719,1.0
-0.37904204043987344,0.0
0.45302323009709144,1.0
-0.09402751361560388,0.0
0.6667311080952456,1.0
0.17278497689762762,0.0
0.48049428692850293,1.0
0.538298802834311,1.0
0.5338479082318417,1.0
0.1978276176182104,0.0
0.1497989936246398,0.0
-0.16969495495666534,0.0
0.5685430695425285,0.0
0.1098065822634255,0.0
0.22608494996288722,0.0
